Total,Lat,Lon,Dose
205,47.97481451,16.51208443,6.721538976
193,47.97481536,16.51208377,6.885342121
197,47.97481579,16.51208267,6.320295071
203,47.97481559,16.51208207,7.57202553
184,47.9748154,16.5120815,5.757164237
204,47.97481413,16.51207934,6.126815319
193,47.97481419,16.51208059,6.001515831
218,47.97481313,16.51208485,6.564753584
180,47.97481138,16.5120892,5.902084827
180,47.9748133,16.51209357,6.55626297
187,47.9748133,16.51210021,6.505135576
172,47.97481698,16.51210582,5.71348519
197,47.97482022,16.51211252,7.144946575
234,47.97482394,16.51211826,7.840397975
246,47.9748264,16.51212357,8.514292717
228,47.97482839,16.51212322,7.791625028
232,47.97482953,16.51212091,7.651302814
201,47.97483,16.51211931,6.697787331
189,47.97482739,16.51211959,5.335005843
227,47.9748231,16.51212201,7.020956993
213,47.97481791,16.51212532,6.786580232
215,47.97481719,16.51212795,7.57410717
209,47.97481858,16.51213586,6.812001523
215,47.97481962,16.51213639,6.482957636
199,47.97482021,16.51212838,6.5603652
205,47.97482179,16.51212522,7.254755559
225,47.97482373,16.51212254,7.679977834
169,47.9748259,16.51212309,5.298547132
197,47.97482812,16.51212514,6.711673364
201,47.97482836,16.51212477,7.807899132
203,47.97482936,16.51212769,6.878161604
195,47.97482904,16.51213439,6.751745224
184,47.97482868,16.51214273,6.078752518
184,47.97482738,16.51214941,5.715045452
216,47.9748258,16.5121529,6.850475601
203,47.97482995,16.51215728,6.494608966
227,47.97483189,16.51216412,7.490455553
204,47.97483353,16.51217088,6.60949752
219,47.97483426,16.51217281,7.632427216
223,47.97483256,16.51217332,7.589235103
242,47.97482558,16.51217735,8.863208771
252,47.97482196,16.5121781,8.433567164
275,47.97481731,16.51218089,8.243988991
291,47.97481251,16.51218521,9.770705409
292,47.97480225,16.51218732,9.054790497
341,47.97479202,16.51219525,11.99891721
325,47.97478997,16.51220407,10.85723876
312,47.97478514,16.51221162,11.01549953
330,47.97477984,16.51222225,10.0908272
303,47.9747743,16.51223206,10.51177692
297,47.97476872,16.51224188,8.698924414
352,47.97476235,16.51225092,11.93633174
308,47.97475688,16.51226041,11.66146713
326,47.97475261,16.51227098,11.40976033
335,47.97474666,16.51227991,11.2738269
314,47.97474102,16.51228853,10.17477894
300,47.9747372,16.51229905,10.08087867
365,47.97473061,16.51230799,13.58672529
280,47.97472391,16.51231541,9.54002285
299,47.97471896,16.51232418,10.70604801
310,47.97471365,16.5123321,10.89545495
319,47.97470919,16.51234121,11.05845925
280,47.97470381,16.51235054,8.843862534
274,47.9746958,16.51236081,8.630979654
263,47.97468917,16.51237057,8.472410202
291,47.97468453,16.51237615,10.02101007
266,47.9746816,16.51238124,8.742236137
245,47.97468164,16.5123846,7.980581284
288,47.97468293,16.51239038,10.21473674
240,47.97468786,16.51239713,8.10809803
237,47.97468859,16.5124019,7.677431583
191,47.97468734,16.51240177,6.206661293
225,47.97468991,16.51239947,6.497520978
196,47.97469364,16.51239321,6.146779537
194,47.97469767,16.51238362,6.985616069
228,47.97470448,16.51237193,6.994197845
247,47.97471088,16.51236217,8.529887314
281,47.97471569,16.51235277,8.941041946
311,47.97471961,16.51234461,10.01567936
301,47.9747268,16.51233799,10.2763294
324,47.97473229,16.51233004,10.5260861
335,47.97473942,16.51231741,11.59472541
336,47.97474566,16.51230887,11.59908616
314,47.97475014,16.51230038,10.69278919
332,47.9747536,16.51229221,10.40667161
336,47.97475945,16.51228702,11.2897253
311,47.97476445,16.5122799,9.809729795
342,47.97477021,16.51226846,13.03421897
333,47.97477557,16.51226184,11.95475159
333,47.97477912,16.51225579,11.11741028
337,47.97478179,16.51225073,12.66337141
346,47.97478385,16.51224763,11.67862275
300,47.97478547,16.51225015,9.66960907
297,47.97479007,16.51225663,9.763678386
312,47.97479147,16.51225948,10.07023265
367,47.97479131,16.51226048,12.59415198
319,47.97479431,16.5122629,10.41770528
295,47.97479467,16.51227108,10.36699866
297,47.97478923,16.51228129,10.19641454
307,47.97478305,16.51229283,10.49324782
337,47.97477806,16.51230409,11.26765713
327,47.97477317,16.51231669,10.79110923
312,47.97476731,16.51233153,9.530962763
295,47.97476037,16.51234419,10.66779232
346,47.97475078,16.51235562,11.94677055
331,47.97474358,16.51236482,11.27233553
335,47.97473674,16.51237657,11.48308538
286,47.97473092,16.51238775,9.351915359
208,47.97472381,16.51239909,6.689133143
198,47.97471574,16.51240914,5.945860386
232,47.97470447,16.51242275,8.574386387
215,47.97469743,16.51243345,7.098236985
212,47.97469082,16.51244602,7.556128094
194,47.97468491,16.51245742,6.453197172
197,47.97467742,16.51246708,6.482380208
196,47.97467073,16.51247776,6.307093143
186,47.97466322,16.51249275,6.782433801
195,47.974657,16.5125065,5.810469284
203,47.97465106,16.51251689,6.987954726
230,47.974642,16.51252679,8.03027916
226,47.97463472,16.51253544,7.37885016
198,47.97462863,16.5125463,5.715770531
222,47.97462053,16.51255907,8.009043183
203,47.97461367,16.51256672,7.483281792
231,47.97461395,16.51257217,7.759263108
196,47.97462132,16.51257893,5.834275723
197,47.97462978,16.5125882,6.889777184
167,47.97463652,16.51259505,5.232818127
165,47.97464283,16.51258945,5.839756823
200,47.97464869,16.51257896,5.707401276
184,47.9746545,16.51256693,6.369290446
187,47.97466144,16.51255525,6.510272842
189,47.97466848,16.51254496,6.151457011
175,47.97467651,16.51253133,4.973747253
230,47.97468331,16.51251681,7.379310608
184,47.9746894,16.51250259,5.643784867
172,47.97469592,16.51249047,5.824876544
204,47.97470424,16.51247868,7.299446989
159,47.97471101,16.51246768,5.591993809
174,47.97471879,16.51245249,6.312569259
174,47.97472519,16.51243883,5.70952873
220,47.97473226,16.51242591,6.885316548
200,47.97474005,16.51241467,6.720032095
230,47.97474753,16.51240348,7.074929764
251,47.97475427,16.5123916,8.153468936
294,47.97476172,16.51237596,10.51888438
311,47.97476873,16.51236177,10.22944682
269,47.9747758,16.51235006,8.859976042
306,47.97478354,16.51233918,10.12029625
325,47.97479035,16.51233016,10.684544
278,47.97479968,16.51231635,8.875966072
326,47.97480616,16.51230441,10.83321308
291,47.97481219,16.51229386,10.21555269
260,47.97481911,16.51228658,8.20969677
298,47.97482514,16.51227431,9.471672669
321,47.97483085,16.5122673,10.74831226
286,47.9748384,16.51227107,8.404664818
251,47.97484518,16.51228,8.570562143
205,47.9748501,16.51228709,6.14529345
189,47.97484985,16.51229634,6.251848654
203,47.97484536,16.51230603,6.328460217
218,47.97483777,16.51231911,7.201488696
213,47.97483091,16.51233161,7.419210434
216,47.97482407,16.51234476,7.581262589
244,47.97481747,16.51235643,7.523900299
245,47.97481024,16.51236787,7.881876945
249,47.97480289,16.51237771,7.88821888
215,47.97479279,16.51239484,7.787586212
195,47.97478533,16.51240858,6.334308624
169,47.97477801,16.51242138,6.918657101
179,47.97476981,16.51243282,5.580485344
211,47.97476251,16.51244359,6.862533374
192,47.974754,16.51245487,6.276950884
220,47.97474601,16.51246714,8.554357317
195,47.97473873,16.51247855,6.7196722
186,47.97473219,16.51248841,5.883769512
200,47.97472472,16.51249705,5.44940046
181,47.97471824,16.51250619,5.733413219
196,47.97470981,16.51251916,6.546460985
203,47.97470242,16.51253069,6.649930477
197,47.97469638,16.5125425,6.470575144
192,47.9746907,16.5125547,6.72076525
177,47.97468436,16.51256709,6.517363418
173,47.97467647,16.51258188,5.786522015
188,47.97466679,16.51259764,5.940487332
177,47.97465904,16.51260817,5.231475886
201,47.97465107,16.51261669,6.741645371
179,47.97464781,16.51262203,6.390987396
178,47.97465083,16.51263112,5.676168745
201,47.97465999,16.51263965,6.336378182
184,47.97466748,16.51264612,5.749987602
180,47.97467601,16.51265061,5.637965679
214,47.97468249,16.51264597,7.061752499
185,47.97468824,16.51263344,6.344299316
187,47.97469336,16.5126187,5.754343308
174,47.97470224,16.51260303,5.968379498
186,47.97470948,16.5125935,5.933955787
197,47.97471643,16.5125845,6.224911213
198,47.97472304,16.51257389,7.222443581
181,47.9747293,16.51256038,5.683852553
196,47.9747372,16.51254416,6.672721639
204,47.97474464,16.51253203,6.783625603
161,47.97475134,16.51252166,5.988238375
177,47.97475693,16.51251074,5.458542113
178,47.97476422,16.51249587,6.040996996
179,47.97477213,16.51248057,5.580697737
182,47.97478137,16.51246742,6.188984429
179,47.97478899,16.51245673,5.744373798
180,47.97479611,16.51244494,6.30759421
211,47.97480173,16.51243214,7.205578327
196,47.97480803,16.51241816,6.400902506
220,47.97481785,16.5124049,7.258037579
213,47.9748255,16.51239601,7.748797033
214,47.97483234,16.51238594,7.016632918
220,47.97483787,16.51237526,7.412683487
229,47.97484316,16.51236394,7.789945359
182,47.97485259,16.51234755,5.475176811
203,47.97486123,16.51233556,7.161215782
190,47.97486958,16.51232577,5.687720709
199,47.97487649,16.51231673,6.18914938
176,47.97488407,16.51230588,5.648523168
173,47.9748958,16.51230466,5.570491791
234,47.97490525,16.51231453,8.698616068
239,47.97491026,16.51232672,7.318848868
286,47.97491063,16.51233861,9.736430412
257,47.97490643,16.51234961,7.91717878
215,47.97489979,16.51236434,8.381556116
221,47.97489177,16.51237841,8.23871994
202,47.97488455,16.51238778,7.278975487
234,47.97487679,16.51239865,7.999471664
255,47.97486976,16.51240825,8.761465974
224,47.97486253,16.51242048,7.541581154
240,47.97485226,16.51243651,8.193577268
222,47.97484406,16.5124472,7.099055767
218,47.97483555,16.51245823,7.416151808
229,47.97482884,16.51246977,7.40157032
212,47.97482254,16.51248105,6.951650849
196,47.97481253,16.51249766,6.730670479
211,47.97480488,16.51250943,7.082715673
205,47.97479592,16.51252058,6.545410416
174,47.97478714,16.51253136,5.711865902
218,47.97477888,16.51254124,7.714925445
223,47.97476934,16.51255412,8.276726723
192,47.97475899,16.51256722,5.716293708
191,47.97474995,16.51257804,6.757859707
195,47.97474292,16.51258743,5.628087427
219,47.97473608,16.51259923,6.931972128
174,47.97472942,16.51261066,6.418701352
194,47.97471958,16.5126236,6.743669413
199,47.97471114,16.51263142,7.023640156
182,47.97470338,16.51263948,6.12394556
177,47.97469595,16.51265046,5.66140684
180,47.9746884,16.51266345,6.013098822
179,47.97468026,16.51267445,4.978347301
220,47.97467759,16.512683,6.741481304
203,47.97468147,16.51269224,7.19332996
247,47.97468743,16.51270233,8.340001106
195,47.9746925,16.5127094,5.655007362
195,47.97469807,16.51270861,6.473138332
201,47.97470457,16.51270166,6.262556553
203,47.97471123,16.51269344,6.424868943
216,47.97471798,16.51268455,7.084362227
195,47.97472426,16.51267374,6.360608467
178,47.97473089,16.5126595,6.083687768
190,47.97473966,16.51264173,7.061951797
178,47.97474685,16.51262926,6.29837154
192,47.97475451,16.51261807,7.406286673
161,47.97476269,16.51260878,5.899855964
210,47.97477033,16.51259735,6.69309008
208,47.9747783,16.51257997,6.864449792
214,47.97478509,16.51256882,6.83189249
206,47.97479189,16.51255771,6.877861725
195,47.97480028,16.51254837,6.122375673
215,47.97480667,16.51253765,7.28546524
225,47.97481427,16.51252299,7.751257589
212,47.97482299,16.51251093,7.399731236
233,47.97483062,16.51250118,7.640012741
202,47.97483783,16.51249047,7.022166119
225,47.97484427,16.51247857,6.353336811
250,47.97485343,16.51246226,8.666082314
215,47.97486037,16.51245196,6.732450008
215,47.97486721,16.51244071,7.787147341
239,47.97487254,16.51242829,8.782791138
224,47.97487753,16.51241512,7.404367392
233,47.97488378,16.51240232,8.067765236
243,47.97489278,16.51238941,7.974681854
250,47.97489892,16.51237885,7.307941914
230,47.97490427,16.51236833,7.724294095
228,47.97490827,16.51236512,6.829440207
234,47.97491402,16.51236916,8.237074852
234,47.9749241,16.51238246,7.84110952
231,47.9749285,16.5123934,7.745775678
228,47.97493141,16.5124029,7.812299905
249,47.97493003,16.51241427,8.100023633
234,47.97492427,16.51242642,7.973900795
248,47.97491738,16.51243659,7.761973776
254,47.97491221,16.51244602,8.338097588
258,47.97490745,16.51245825,8.072328893
244,47.97490186,16.51247062,8.058913493
241,47.97489393,16.51248186,7.522964285
228,47.97488651,16.51249529,6.773946196
214,47.97488066,16.5125078,7.137968265
215,47.97487432,16.51251789,7.141222494
212,47.97486684,16.51252614,6.572427846
236,47.9748605,16.51253444,8.655148506
260,47.97485365,16.51255004,8.536375927
241,47.97484692,16.51256135,9.273825823
244,47.97483961,16.51257091,8.519233704
223,47.9748327,16.5125803,7.690508823
214,47.97482695,16.5125911,7.501147673
219,47.97481919,16.51260326,7.375757162
214,47.97480973,16.51261323,6.975963338
210,47.97480345,16.51262332,7.122758389
176,47.97479922,16.51263518,6.283828246
194,47.97479342,16.51264765,6.472142645
175,47.97478427,16.51265805,5.638962082
181,47.97477592,16.51266911,5.575548946
190,47.97476952,16.51268012,6.526995623
185,47.97476323,16.51268899,6.168379175
208,47.97475604,16.51269863,7.133728504
160,47.97474927,16.51271222,5.0579205
211,47.97474219,16.51272583,6.668012932
222,47.9747342,16.51273761,7.01134666
202,47.97473031,16.51274594,6.704848721
177,47.97473203,16.51275688,5.661473664
187,47.97473944,16.51276775,6.755350501
205,47.97474724,16.51277569,6.635974153
209,47.97475269,16.5127759,7.12095499
201,47.97475886,16.51276978,7.062697582
210,47.97476543,16.51276174,6.115970113
188,47.97477207,16.51275167,6.147409862
212,47.97477918,16.51273726,7.574802068
210,47.97478482,16.5127277,6.555296421
196,47.97479081,16.51271787,6.20542839
214,47.9747961,16.51270705,6.842030808
210,47.97480083,16.51269382,7.606321529
201,47.97480799,16.5126757,6.381371975
222,47.9748152,16.51266348,7.534231293
202,47.97482224,16.51265272,6.096222878
193,47.97482846,16.51264248,5.72070839
196,47.9748347,16.51262994,6.589714864
207,47.97484331,16.51261462,6.477976624
213,47.97485012,16.51260323,7.099937439
186,47.97485587,16.51259265,6.622938695
221,47.97486134,16.51258061,7.956835021
204,47.97486722,16.51256892,5.969963913
229,47.974878,16.51255531,7.606566391
197,47.97488553,16.51254563,5.940516952
203,47.97489186,16.51253456,7.129226627
226,47.97489795,16.51252208,6.802631363
234,47.97490552,16.51251056,6.639067736
223,47.97491611,16.51249821,7.237990249
264,47.97492247,16.51248735,8.703916168
256,47.97492855,16.51247737,8.46341841
228,47.97493561,16.51246905,7.145511642
240,47.97494177,16.51246424,8.6685128
226,47.97495222,16.51247675,7.316618377
260,47.97495972,16.51248729,7.983233375
242,47.97496543,16.51249985,8.350363731
233,47.97496749,16.51251186,8.815841638
254,47.97496348,16.512523,8.304537608
217,47.97495646,16.51253743,6.259336286
233,47.97495144,16.51255058,6.937413513
254,47.97494557,16.51256328,9.224363634
231,47.97493914,16.51257398,7.699027454
237,47.97493135,16.5125843,8.056835265
211,47.97492268,16.51259772,7.741135181
232,47.97491548,16.51260882,7.418746948
213,47.97490789,16.51261931,7.423512491
211,47.97490053,16.51262806,7.304647808
218,47.97489289,16.51263827,6.578377571
203,47.97488435,16.51265323,6.8413167
220,47.97487733,16.51266479,7.187876642
221,47.97487034,16.51267389,7.268833471
223,47.97486247,16.51268372,6.823511007
198,47.97485306,16.51269806,6.501511804
230,47.97484475,16.51271089,8.339893245
217,47.97483653,16.51272023,7.102481842
221,47.97482846,16.51272841,6.668372827
207,47.97482148,16.51273797,7.645950085
223,47.97481338,16.51274977,7.617424965
224,47.97480316,16.51276184,7.790767294
215,47.9747956,16.51277115,6.868176186
202,47.9747894,16.51278166,6.585921526
212,47.97478402,16.51279381,6.927884102
206,47.97477696,16.51280425,6.547449026
211,47.97477279,16.51281399,6.548218934
235,47.97477659,16.51282502,8.049571494
260,47.97478322,16.51283586,9.386126461
276,47.97478892,16.5128426,9.32609272
251,47.9747947,16.51284221,8.530650062
253,47.97480202,16.51283653,8.756310023
258,47.97480708,16.51282805,8.304280813
255,47.97481216,16.51281714,8.218925531
220,47.97481725,16.51280712,6.8118421
223,47.97482408,16.51279771,8.104969025
236,47.97483067,16.51278434,7.292051002
233,47.97483586,16.5127721,8.157370102
256,47.97484148,16.51276078,8.203690607
274,47.97484823,16.51274975,9.503148694
251,47.97485502,16.51273868,8.275476578
251,47.97486412,16.51272288,8.334864858
228,47.97487059,16.51271039,7.627383984
231,47.97487736,16.51269898,7.082921982
256,47.97488446,16.51268728,8.441225197
236,47.97488983,16.51267375,7.44147
241,47.97489743,16.5126542,7.474985112
223,47.97490353,16.51263934,6.998369434
225,47.97491088,16.51262664,6.644544812
222,47.97491857,16.51261446,6.943150833
216,47.9749252,16.5126012,6.619818211
215,47.97493376,16.51258515,6.764114472
225,47.97494116,16.51257393,8.091487341
234,47.97494815,16.51256339,7.70105604
219,47.97495451,16.51255192,6.581766981
210,47.9749616,16.51253867,7.71874961
232,47.97496939,16.51252757,7.783916877
204,47.97497382,16.51252002,6.711707115
228,47.97497694,16.5125109,7.808998798
215,47.97498118,16.51250047,5.943868654
201,47.97498592,16.51248818,6.643405462
224,47.97499236,16.51247165,7.693615185
208,47.97499857,16.51246086,6.475889086
223,47.97500589,16.51245186,8.236375193
214,47.97501404,16.51244409,7.829846462
226,47.97502207,16.51243502,8.00424428
232,47.97503288,16.51242718,7.507363796
246,47.97504095,16.51242957,7.804250951
227,47.97504689,16.51243842,7.061709541
229,47.9750506,16.51245047,7.33544891
223,47.97504981,16.5124624,7.018377979
194,47.9750422,16.51247341,5.681782246
201,47.9750357,16.5124815,5.684716015
216,47.97502952,16.51249145,8.075865793
187,47.97502356,16.51250079,6.188892308
206,47.97501781,16.51251016,7.172085285
204,47.97501425,16.51252272,7.594871232
209,47.97501081,16.51253119,7.076859951
220,47.97500921,16.51253725,7.823056663
234,47.97501155,16.51254066,7.492237644
249,47.97500998,16.51253615,9.493800163
244,47.97500534,16.51252814,8.261383203
226,47.97500419,16.51252554,7.129690577
206,47.97500649,16.51252963,7.171248438
227,47.9750111,16.51253541,7.420348357
242,47.97501272,16.51253927,8.239893
242,47.97501372,16.51254333,7.896000337
224,47.97501074,16.51254855,8.142592446
235,47.97500564,16.51255656,7.721771488
270,47.97500083,16.51256771,8.859642877
289,47.97499529,16.5125801,9.007978848
291,47.9749864,16.51259315,9.479718282
311,47.9749793,16.51260561,9.715227171
318,47.97497294,16.51261909,9.956031841
294,47.97496612,16.51263137,9.600728955
269,47.97495834,16.51264171,9.125403935
261,47.97494829,16.51265729,9.165144183
208,47.97494162,16.51267201,6.974103721
254,47.97493582,16.51268572,8.324355705
273,47.97492926,16.51269775,9.501911495
253,47.97492189,16.51270892,8.614811104
279,47.97491419,16.51272259,9.59765314
302,47.97490787,16.51273619,10.11643669
235,47.97490173,16.51274769,7.482834549
243,47.97489465,16.51275768,8.756715775
244,47.97488796,16.51277046,8.01474663
263,47.97488129,16.51278676,8.279155934
269,47.97487383,16.51280079,8.40198317
265,47.97486643,16.51281166,9.045672043
266,47.97485933,16.51282235,8.639746666
271,47.97485352,16.51283269,8.881760675
260,47.97484539,16.51284464,7.674098274
248,47.97483614,16.51285394,7.444759846
211,47.97482945,16.51286362,6.630137075
270,47.97482468,16.51287458,9.751205444
233,47.97482247,16.51288362,7.629920911
249,47.97482665,16.51289278,8.835351389
264,47.9748346,16.51290351,8.960048839
261,47.97483948,16.51291271,8.619259834
237,47.97484264,16.51291428,7.771371365
259,47.97484721,16.51290997,9.271827784
250,47.97485432,16.51290225,7.931099179
234,47.97485978,16.51289143,7.069858731
213,47.97486529,16.51288095,6.981365584
228,47.9748718,16.51287206,7.817878279
215,47.97487905,16.51286295,7.072184207
205,47.97488585,16.51285145,6.687001705
212,47.97489226,16.5128378,7.189261809
248,47.9748986,16.51282704,8.765859176
251,47.97490491,16.51281729,9.284540176
245,47.97491051,16.51280698,7.970416049
264,47.97491557,16.51279708,8.901893799
261,47.97491991,16.51279038,9.424509227
286,47.97492505,16.51278299,9.065625191
332,47.97493205,16.51277226,10.69632199
343,47.97493657,16.51276453,11.9027603
322,47.97493996,16.51276056,10.5253257
320,47.97494114,16.51275666,10.47812745
296,47.9749416,16.51275372,10.69101352
339,47.97494162,16.51274969,10.1318739
289,47.97494292,16.51274582,9.120226027
278,47.97494813,16.51273912,8.650495529
271,47.97495519,16.51273455,8.317284768
232,47.97496151,16.51272865,8.066101849
228,47.97496705,16.51272147,7.24548912
235,47.97497416,16.51271409,7.531351178
259,47.97498455,16.51270485,8.336442261
261,47.97499379,16.51269587,10.12916386
230,47.97500154,16.5126879,6.592925639
267,47.97500769,16.51268029,8.268137607
255,47.9750125,16.51267121,8.126322706
271,47.97501985,16.51265908,8.868504524
245,47.97502678,16.5126509,8.136599286
253,47.97503222,16.51264278,7.660518646
257,47.97503749,16.51263322,8.79485412
238,47.97504337,16.51262609,8.023643772
224,47.97504747,16.51262166,7.202128887
220,47.97505087,16.51262247,6.768186314
218,47.97505459,16.51262695,7.330338782
234,47.97505861,16.51263361,7.284308434
207,47.97506349,16.51264097,7.61257833
217,47.97506822,16.5126473,7.274369323
201,47.97506889,16.51265484,6.019153994
228,47.97506771,16.51266283,6.819997495
235,47.97506439,16.51266964,7.961179537
204,47.97506035,16.51267731,7.2379632
205,47.97505645,16.51268863,6.815055859
207,47.97505242,16.51269813,7.101461722
218,47.97504736,16.5127067,7.045333862
212,47.97504185,16.51271519,6.933076156
225,47.97503653,16.51272574,7.454151154
235,47.97502875,16.51273808,8.264816453
215,47.97502255,16.51274721,6.16267395
246,47.97501741,16.51275775,8.324593407
313,47.97501097,16.5127683,10.6340575
322,47.9750023,16.51277586,10.84859931
338,47.97499336,16.51278411,11.33539995
320,47.97498735,16.51279303,9.142622205
366,47.97498151,16.51280266,11.93007987
365,47.97497559,16.51281168,10.7483001
349,47.97496893,16.51282233,11.30553681
329,47.97496271,16.51283132,10.06631214
282,47.97495805,16.51283582,10.19326522
283,47.97495412,16.51284128,8.687135701
267,47.97494908,16.51285088,8.290679932
283,47.97494105,16.51286059,9.160762787
257,47.97493184,16.51286973,8.791485235
240,47.97492485,16.51287896,7.953194066
229,47.97491786,16.51288937,6.865732813
220,47.97490968,16.51289854,7.073959817
220,47.9749006,16.51290856,7.239531614
226,47.97489299,16.51291994,7.496858525
225,47.97488602,16.51293013,8.234519005
218,47.97487893,16.51293916,8.29303242
273,47.97487306,16.51294804,8.690671921
262,47.97486833,16.5129572,8.941690445
232,47.97486797,16.51296535,6.561685407
242,47.97487299,16.5129742,7.892672024
252,47.97488084,16.51298139,8.020032411
238,47.97488819,16.51298545,7.758377075
199,47.97489701,16.51298136,6.5881692
239,47.97490303,16.51297249,7.594870755
213,47.97490881,16.51296355,8.74455452
229,47.97491476,16.5129557,7.496052818
215,47.97492062,16.5129458,7.551009851
224,47.97492783,16.51293441,7.666549546
226,47.9749345,16.51292619,6.92687657
222,47.97494077,16.51291693,7.132204652
206,47.97494562,16.51290668,8.056707345
214,47.97495148,16.51289602,6.337145704
262,47.9749586,16.51288494,8.379370689
266,47.97496327,16.51287496,9.070247384
285,47.97496738,16.51286695,9.513159888
297,47.97497225,16.51286162,10.04250831
507,47.9749786,16.51285038,16.3932601
561,47.97498198,16.51283807,17.27959965
474,47.97498537,16.51282942,14.15295339
411,47.974991,16.51282069,12.91024628
621,47.97499436,16.51281077,19.80891025
602,47.9749974,16.51279949,19.49587946
853,47.97500167,16.51279376,27.58724065
694,47.97500627,16.51278688,21.78873626
518,47.97501032,16.51277774,16.84101641
399,47.97501511,16.51276845,12.36468329
353,47.97502102,16.51275805,11.75690909
313,47.97502643,16.51274895,9.661851936
254,47.97503205,16.51274128,8.255255699
237,47.97503801,16.51273314,7.882338524
242,47.97504463,16.51272192,8.206661413
226,47.97505389,16.51271086,7.911451007
225,47.97506179,16.51270152,8.530714035
223,47.97506767,16.51269257,8.292878725
208,47.97507289,16.51268504,5.845009804
221,47.97507935,16.51267938,6.9612055
220,47.97508763,16.51267704,7.312962626
198,47.97509404,16.51268259,5.993508339
204,47.97510036,16.51269043,6.490480112
248,47.97510507,16.51269667,8.774523388
259,47.97510496,16.51270435,7.21632888
238,47.9751003,16.51271623,8.675401688
250,47.97509583,16.51272729,8.452855441
219,47.97509023,16.51273783,7.691063404
224,47.97508324,16.51274853,6.822993121
199,47.97507763,16.51276145,5.93615675
251,47.97507202,16.5127737,8.043789306
196,47.97506644,16.51278189,6.48471117
262,47.97506123,16.51279036,7.930932119
276,47.97505623,16.51279951,9.086701393
266,47.97504955,16.51280938,8.386057854
283,47.9750429,16.51281898,9.863105774
329,47.97503827,16.51282602,10.17238308
370,47.97503348,16.51283121,11.91130423
371,47.97502676,16.51283525,11.21733203
411,47.97501802,16.51284157,12.91187719
432,47.97501206,16.51284852,14.56833326
370,47.97500945,16.51285538,10.79600934
392,47.97500802,16.5128621,12.85469141
336,47.97500487,16.51286888,10.75327442
312,47.97500139,16.51287758,10.71793215
321,47.97499809,16.51288664,10.20543006
316,47.97499343,16.51289519,10.65936956
298,47.9749881,16.5129041,9.152935433
291,47.97498129,16.51291587,9.148097038
265,47.97497427,16.51293002,9.639839122
255,47.97496855,16.51294082,8.056655795
257,47.97496271,16.5129504,8.567189217
216,47.97495725,16.51296003,7.281912842
231,47.9749513,16.51297171,6.678987824
238,47.97494446,16.51298226,7.396380489
246,47.97493828,16.51299036,8.229429245
225,47.97493305,16.51299976,6.786132511
244,47.97492903,16.51300939,8.195198059
210,47.97492712,16.51301859,6.887032971
235,47.97493255,16.51302862,7.362638652
246,47.97493954,16.51303695,7.205317451
222,47.97494622,16.51304295,7.837988969
244,47.97495202,16.51304276,7.568627528
233,47.97495813,16.51303759,7.951203665
235,47.97496519,16.51302721,8.624547958
231,47.97497113,16.51301517,6.91733528
253,47.9749769,16.51300416,8.499741554
226,47.97498371,16.51299377,7.780755146
234,47.97499213,16.5129812,7.935295582
262,47.97499861,16.51296969,8.635003741
254,47.97500425,16.51295989,8.46727893
265,47.97500998,16.51295113,8.390810288
282,47.9750151,16.51294141,8.814951345
294,47.97502042,16.51292845,8.948580881
250,47.97502734,16.51291911,7.817321205
229,47.97503387,16.51291103,6.6329265
253,47.97503927,16.51290125,8.485167733
261,47.97504508,16.51289081,8.741171398
228,47.97505162,16.51288217,6.943866253
255,47.9750576,16.51287256,8.849045541
228,47.97506368,16.51285966,7.713942625
234,47.97507012,16.51284693,7.468977451
200,47.97507729,16.51283603,7.459976677
229,47.97508395,16.51282306,7.13601923
232,47.97508927,16.51281136,6.430831555
228,47.97509497,16.51280005,7.910282948
226,47.97510158,16.51279092,7.737398764
275,47.97510919,16.51278082,9.794893265
328,47.97511551,16.51276917,10.2962862
361,47.97512138,16.51275958,11.42797651
390,47.97512803,16.51275006,12.45098556
312,47.97513323,16.51274013,10.24985754
311,47.97513695,16.51273113,10.299314
254,47.97513874,16.51273134,8.158974834
311,47.97514069,16.5127359,9.627429008
301,47.97514328,16.51274293,10.95876212
423,47.97514607,16.51275333,14.43550975
700,47.97515028,16.51276435,20.78376542
702,47.97515409,16.51277478,20.04871838
555,47.97515759,16.51278228,17.29498644
428,47.97516057,16.51278523,14.87379752
343,47.97516321,16.51278347,11.22352422
320,47.97516934,16.51277849,11.15664238
276,47.97517504,16.51276867,8.948206667
281,47.97517901,16.5127594,8.039569855
281,47.97518009,16.51275649,8.508391934
260,47.97517925,16.51276159,8.805101775
275,47.97517693,16.51277229,9.187465316
276,47.97517047,16.51278238,8.918208122
306,47.97516393,16.51279215,10.29704198
319,47.97515764,16.51280246,10.64888575
269,47.9751498,16.51281381,8.417115089
242,47.97514158,16.5128262,8.542509418
254,47.97513539,16.51283804,7.146055222
241,47.9751299,16.51284991,7.889206243
228,47.97512344,16.51285988,7.688393842
260,47.97511466,16.51287015,8.374781114
246,47.97510703,16.51288146,7.578563783
237,47.97509967,16.51289048,6.920271397
229,47.97509186,16.51289968,7.739470135
230,47.97508534,16.51290953,6.853212854
219,47.97507689,16.51292164,7.235239506
237,47.97506697,16.51293267,7.625205044
220,47.97505873,16.51294195,7.272236824
236,47.97505055,16.51295131,8.727852534
240,47.97504119,16.51296028,8.561166763
241,47.97502998,16.51296885,7.79177586
251,47.97502063,16.51297803,8.457680702
265,47.97501361,16.51298894,10.16983004
263,47.97500691,16.51299989,8.254770008
248,47.97499884,16.51300949,7.935332845
240,47.97498882,16.51302075,8.920192719
235,47.97498029,16.51303134,8.359528053
226,47.97497203,16.51304018,7.107137468
224,47.97496389,16.5130483,7.887837783
228,47.97495712,16.51305877,7.539245482
225,47.97495292,16.51307202,6.475041389
219,47.97495263,16.51308361,7.407206935
246,47.97495718,16.51309344,8.437589015
231,47.97496398,16.51310025,7.276004644
222,47.97497115,16.51310283,6.840868548
234,47.97497787,16.51309664,6.787470424
246,47.97498322,16.51308647,9.41704464
277,47.97498866,16.51307511,9.067234575
300,47.97499429,16.51306462,9.86295884
294,47.9750009,16.513053,9.802615791
308,47.97500758,16.51303725,10.01772404
254,47.97501298,16.51302687,8.823880568
250,47.97501886,16.51301751,8.887931824
229,47.97502465,16.5130067,7.12903236
216,47.97502899,16.51299384,6.751563488
234,47.97503354,16.51298463,8.694386108
232,47.97503903,16.51297674,7.257945061
225,47.97504512,16.51296729,7.267929322
232,47.97505204,16.51295696,7.570260525
247,47.97506136,16.51294596,7.323809597
248,47.9750697,16.51293486,7.841476229
254,47.97507634,16.51292312,7.635828632
278,47.97508271,16.51291219,8.784260456
270,47.97508999,16.51290157,8.707649722
241,47.97509741,16.51288866,7.834838216
218,47.9751034,16.51287571,6.308791792
222,47.9751097,16.51286475,6.640554975
222,47.97511648,16.51285571,7.002839961
225,47.97512387,16.51284463,6.884412037
234,47.9751323,16.51283352,7.997607708
221,47.97513987,16.51282633,6.964402782
244,47.97514653,16.51281775,8.710679714
219,47.97515256,16.51280786,7.484046459
210,47.97515945,16.51279838,6.119457245
256,47.97516539,16.51278858,8.344799083
217,47.97517176,16.51277914,6.441968734
205,47.97517899,16.51277106,5.294305801
223,47.97518449,16.51276416,7.569806576
233,47.97518932,16.51275707,7.087277845
240,47.97519562,16.51275189,8.603610039
245,47.97520169,16.51274812,7.561688423
226,47.97520817,16.51274273,7.294780731
232,47.97521618,16.51273498,7.799851543
260,47.97522675,16.51272481,8.812016439
201,47.97523592,16.51271291,7.600843868
228,47.9752424,16.51270345,8.8438823
240,47.97524891,16.5126977,7.341736097
266,47.9752559,16.51269788,8.192623594
251,47.97526395,16.51270519,8.612343388
243,47.97527044,16.51271458,8.201767921
241,47.97527495,16.51272256,7.920562463
269,47.97527623,16.51273179,8.8618853
243,47.97527254,16.51274369,8.273722186
212,47.9752643,16.51275759,6.593117237
237,47.97525612,16.51277082,8.668452658
266,47.97524896,16.51278408,9.168947424
242,47.97524105,16.51279729,8.246024132
255,47.97523057,16.51281035,8.431531906
234,47.97521936,16.51282428,8.398340401
241,47.97521171,16.5128385,7.752715785
259,47.97520529,16.51285098,8.211619755
235,47.97519756,16.5128621,8.149851799
247,47.97518787,16.51287514,8.556672292
255,47.97517912,16.51288888,8.197189584
245,47.97517206,16.51290043,7.687020779
263,47.97516472,16.51290997,9.136761155
275,47.97515719,16.51291763,8.98897171
249,47.97514813,16.51292795,7.803125921
230,47.97513946,16.5129406,6.679310488
269,47.97513239,16.51295111,8.394406319
228,47.97512494,16.51295991,6.675505337
246,47.97511742,16.51296873,7.993767262
311,47.97510914,16.51298174,10.3647109
288,47.97510107,16.51299486,10.13031056
296,47.97509325,16.5130052,9.045278549
302,47.97508623,16.51301542,9.531000948
303,47.97507991,16.51302771,8.612913132
255,47.97507268,16.51304212,8.4226548
255,47.97506657,16.5130527,9.163194656
250,47.97506096,16.51306292,8.723531884
238,47.97505556,16.51307316,8.104887927
268,47.97504898,16.51308312,9.048711088
237,47.97504151,16.51309358,7.241531372
261,47.97503748,16.51310182,7.856856733
268,47.97503707,16.5131074,10.0626338
249,47.97503948,16.5131116,8.735280991
251,47.9750435,16.51311619,8.386271982
212,47.97504703,16.51311927,6.908030034
224,47.97504909,16.513118,7.661722942
220,47.97505212,16.51311169,7.118611813
244,47.97505628,16.51310668,7.720710418
219,47.97506263,16.51310214,7.167872429
236,47.97506947,16.51309567,8.394340515
247,47.97507624,16.51308797,8.299934387
257,47.97508384,16.51307969,8.545604706
254,47.97509034,16.51307085,8.23839755
227,47.97509679,16.51305899,7.632008207
230,47.97510616,16.51304524,6.705390453
239,47.9751143,16.51303449,7.926389995
244,47.97512056,16.51302393,7.858157635
253,47.97512675,16.51301294,9.143253587
256,47.97513621,16.51300219,8.619148938
263,47.97514472,16.51299321,8.223292958
260,47.97515118,16.51298355,9.534264824
242,47.97515767,16.51297315,7.66929388
219,47.9751652,16.51296395,7.660345078
216,47.97517401,16.51295463,8.025536801
214,47.97518136,16.51294423,6.538484105
232,47.97518774,16.51293409,7.808256096
221,47.97519437,16.51292507,7.490485422
265,47.97520149,16.51291529,8.64532009
212,47.97520952,16.51290326,7.483632618
215,47.97521706,16.51289281,7.765295029
267,47.97522379,16.51288319,8.169427066
191,47.97523043,16.51287268,6.365334464
210,47.97523827,16.51286003,7.285560957
253,47.97524696,16.51284867,7.96191597
235,47.97525415,16.51283856,8.207041355
224,47.97526023,16.51282844,7.005744897
241,47.97526688,16.51281939,7.064845974
260,47.97527582,16.51280872,8.94426918
241,47.97528345,16.51279574,7.282671616
256,47.97528932,16.51278568,7.738531431
250,47.97529529,16.51277756,8.859450042
235,47.97530135,16.51276881,6.924929619
232,47.97530796,16.51276284,8.676328989
231,47.97531456,16.51276832,8.043122975
236,47.97532008,16.51277669,7.000135422
268,47.97532622,16.51278415,9.312746044
244,47.97533107,16.5127909,7.910238743
250,47.97533016,16.51280023,8.3622497
290,47.97532419,16.51281035,10.3188037
248,47.97531737,16.51282117,7.641144276
268,47.97531072,16.51283075,8.806209432
230,47.9753032,16.51283995,7.36017704
247,47.97529437,16.51285075,8.189198386
242,47.97528813,16.51286137,7.408840656
223,47.97528181,16.51287122,7.152821713
231,47.97527504,16.51287974,7.926610992
223,47.97526896,16.51288906,7.980230331
244,47.97526292,16.51290024,7.725529671
223,47.97525697,16.51290889,7.10807921
260,47.9752516,16.51291654,7.886143208
226,47.97524678,16.51292488,7.792930961
234,47.97524113,16.5129319,7.631216526
220,47.97523617,16.51293665,6.908149363
234,47.97523268,16.51294215,7.815034389
226,47.97522779,16.51294789,7.263503778
214,47.97522194,16.51295411,6.889723407
269,47.97521448,16.51296368,8.885590646
211,47.97520773,16.51297147,6.66449213
235,47.97520284,16.51297652,7.414783348
218,47.97519909,16.51297968,6.609748363
226,47.97519774,16.51298166,8.215583375
220,47.97519817,16.5129873,7.227368209
230,47.9752005,16.51299663,7.230014918
207,47.97520528,16.51300328,6.04780197
201,47.97520989,16.51300911,6.629393578
222,47.97521254,16.51301283,7.119952884
212,47.97521244,16.51301468,6.866845433
237,47.97521172,16.5130223,6.988263607
187,47.9752083,16.51303282,6.389673683
189,47.97520169,16.51304447,5.878360585
226,47.97519439,16.51305609,7.539185524
219,47.97518702,16.51307019,6.886846341
202,47.97518023,16.51308143,6.811169087
210,47.97517438,16.51308895,7.57512521
241,47.97516851,16.51309706,7.206152058
237,47.97516176,16.51310772,8.236731529
213,47.97515421,16.51311962,6.365228978
224,47.97514781,16.51312864,7.043656076
227,47.9751418,16.51313696,7.269825331
223,47.97513554,16.51314571,7.449873598
226,47.97512746,16.51315504,6.865075551
266,47.97512045,16.51316381,9.150228106
243,47.97511539,16.51317304,8.196158585
304,47.97511089,16.51318107,11.1680416
371,47.97510749,16.51318804,11.93620191
343,47.97510411,16.51319601,10.97311974
348,47.97510053,16.5132021,11.21031421
394,47.97509973,16.51320661,12.00126567
341,47.9750992,16.51321053,11.21132139
350,47.97509845,16.51321305,11.14491585
368,47.97509744,16.51321571,12.34605943
329,47.97509703,16.51321857,10.38978833
313,47.97509787,16.51322087,10.36410888
294,47.97509889,16.51322089,9.187371254
274,47.97510092,16.5132179,8.529240075
286,47.97510628,16.51321284,9.767611457
258,47.97511188,16.51320691,8.844630241
255,47.97511789,16.51319912,8.495754556
240,47.97512513,16.5131908,7.753808358
197,47.97513208,16.51318256,5.903287888
245,47.97513944,16.51317479,7.991431713
255,47.97514642,16.51316918,7.945040103
234,47.9751524,16.5131628,7.485032582
234,47.97515761,16.5131545,8.018409542
226,47.97516427,16.51314382,7.251674016
212,47.97517267,16.51313376,6.577849865
253,47.97517917,16.51312474,7.850762367
220,47.975185,16.51311518,6.528903449
235,47.97519141,16.51310533,7.906341076
260,47.97519977,16.51309354,8.83061452
219,47.97520665,16.51308105,6.73609066
215,47.97521243,16.51307073,7.437412915
234,47.97521909,16.51306162,7.898580222
229,47.97522578,16.51305181,8.115072404
237,47.97523327,16.51303716,8.110916716
238,47.97523959,16.51302694,8.361294746
216,47.97524559,16.51301888,6.657999829
218,47.97525085,16.5130087,6.569327831
219,47.97525684,16.51299836,6.759968519
215,47.97526693,16.5129897,7.397721265
233,47.97527678,16.51298274,7.661420822
206,47.97528411,16.51297442,6.642514316
217,47.97529164,16.5129659,7.326917869
221,47.97529945,16.51295864,7.013440907
255,47.9753068,16.5129488,7.807696106
198,47.9753134,16.51293905,5.99789731
231,47.97532045,16.51293133,7.570097657
213,47.97532752,16.51292239,6.080407619
194,47.97533369,16.51291129,6.006868436
208,47.97534111,16.51290168,6.471429537
206,47.97534738,16.51289205,7.322096038
222,47.97535379,16.51288161,8.123654366
215,47.97536,16.51287073,6.746385581
244,47.97536674,16.51285801,8.358621155
239,47.97536791,16.51284486,7.282804489
249,47.97536753,16.51283174,8.384940275
254,47.97536704,16.51281896,7.588764471
226,47.97536494,16.51280716,7.448743318
240,47.97535805,16.51279509,7.807144165
268,47.97535209,16.51278537,8.684132438
239,47.97534711,16.51277485,7.888148785
225,47.97534088,16.51276628,7.025193891
246,47.97533339,16.51275839,7.707903862
256,47.97532614,16.51274601,8.188084602
207,47.97532074,16.51273488,6.402909614
239,47.9753147,16.51272731,7.851784312
228,47.97530846,16.51272038,6.83811903
241,47.97530213,16.51271204,7.505094051
250,47.97529529,16.51270236,8.253637314
246,47.97528702,16.51269646,8.143223456
264,47.9752775,16.51269191,8.486265182
303,47.97526889,16.51268554,10.08115578
278,47.97526027,16.51267633,8.785692879
270,47.97525126,16.51266947,9.910826799
241,47.97524332,16.51266402,6.998080182
245,47.97523572,16.51265802,7.654679689
220,47.97522739,16.51264897,7.108056529
203,47.97521723,16.51263706,6.969544413
215,47.97520839,16.51262873,7.148645212
207,47.97520145,16.51262101,6.890666485
196,47.97519544,16.5126132,6.54860878
222,47.97518853,16.51260322,6.642856073
204,47.97518164,16.5125918,6.710126877
215,47.97517481,16.51258124,6.733836651
234,47.97516794,16.5125724,7.510252417
244,47.97516089,16.51256468,8.073856299
194,47.97515166,16.51255279,6.847655959
230,47.97514397,16.51254329,6.619856676
220,47.97513531,16.5125353,7.14535031
242,47.97512686,16.51252773,8.487916946
194,47.97511982,16.51251926,6.29576779
187,47.97511244,16.51250856,5.686849133
209,47.97510545,16.51249929,6.178336021
217,47.97509956,16.51249063,6.353281796
215,47.97509404,16.51248012,7.286844254
206,47.97508664,16.51246745,7.864912369
197,47.97507774,16.51245675,7.477861881
230,47.97507049,16.51244672,7.83961153
208,47.97506517,16.51243582,6.903850782
219,47.97505989,16.51242578,7.075968356
220,47.9750509,16.51241404,7.435465384
240,47.97504441,16.51240552,8.10823726
197,47.97503836,16.51239812,5.407567978
225,47.97503099,16.51239065,6.411182905
228,47.97502399,16.51238217,7.540185452
204,47.97501681,16.51236994,7.016983023
231,47.9750105,16.51235972,7.528150784
262,47.97500352,16.51235136,9.175663239
249,47.9749961,16.51234314,7.950895786
263,47.97498595,16.51232868,9.371728897
233,47.97497639,16.5123156,7.726570885
243,47.97496809,16.51230462,7.942298412
218,47.9749615,16.51229486,6.857139721
198,47.974955,16.51228409,6.571047306
200,47.97494573,16.51227118,6.704843998
209,47.97493673,16.51226305,7.081877509
213,47.97492983,16.51225594,6.848150184
214,47.97492335,16.51224783,6.875520062
241,47.9749154,16.51223783,8.505572915
